{"No. of text inputs": 1110, "No. of Thoughts": 838, "Input Text not produced as thoughts": [279, 537, 668, 29, 548, 551, 555, 175, 946, 691, 693, 440, 697, 698, 699, 700, 957, 447, 959, 969, 970, 977, 983, 216, 221, 989, 992, 993, 995, 122, 371, 120, 250], "No. of input text not produced as thoughts": 33, "Original Thoughts": [388, 261, 266, 142, 23, 151, 25, 282, 284, 669, 286, 291, 294, 39, 168, 574, 65, 709, 72, 328, 463, 338, 84, 88, 104, 234, 114, 253], "No. of Original Thoughts": 28, "Frequencies of Original Thoughts": [[388, 1], [261, 1], [266, 1], [142, 1], [23, 1], [151, 1], [25, 1], [282, 1], [284, 1], [669, 1], [286, 1], [291, 1], [294, 1], [39, 1], [168, 1], [574, 1], [65, 1], [709, 1], [72, 2], [328, 1], [463, 1], [338, 1], [84, 2], [88, 1], [104, 1], [234, 1], [114, 1], [253, 1]], "Memories of Text Inputs": [100, 209, 67, 358, 138, 181, 42, 430, 16, 246, 687, 543, 366, 962, 149, 70, 127, 443, 144, 48, 34, 980, 44, 374, 135, 55, 85, 705, 83], "No. of memories of text Inputs": 29, "Memory Frequencies in thoughts & frequency of text sent": [[100, 8, 7], [209, 5, 4], [67, 3, 2], [358, 3, 2], [138, 2, 1], [181, 2, 1], [42, 11, 8], [430, 3, 2], [16, 4, 2], [246, 2, 1], [687, 2, 1], [543, 2, 1], [366, 3, 2], [962, 2, 1], [149, 5, 4], [70, 4, 2], [127, 2, 1], [443, 2, 1], [144, 2, 1], [48, 4, 2], [34, 2, 1], [980, 2, 1], [44, 2, 1], [374, 2, 1], [135, 2, 1], [55, 2, 1], [85, 3, 1], [705, 2, 1], [83, 2, 1]], "Original Thoughts with memories": [72, 84], "Number of Original Thoughts with memories": 2, "Frequencies of Original Thoughts with Memories": [2, 2], "Total Memories": [100, 209, 67, 358, 138, 181, 42, 430, 16, 246, 687, 543, 366, 962, 149, 70, 127, 443, 144, 48, 34, 980, 44, 374, 135, 55, 85, 705, 83, 72, 84], "Total Number of Memories": 31, "Short-Term Memories": [181, 246], "Number of Short-term Memories": 2, "Intermediate-term Memories": [543, 962, 443, 980, 374, 135, 85], "Number of Intermediate-term Memories": 7, "Long-Term Memories": [100, 209, 67, 358, 138, 42, 430, 16, 687, 366, 149, 70, 127, 144, 48, 34, 44, 55, 705, 83, 72, 84], "Number of Long-term Memories": 22}