{"No. of text inputs": 1110, "No. of Thoughts": 982, "Input Text not produced as thoughts": [131, 135, 655, 273, 277, 278, 279, 280, 155, 29, 673, 551, 553, 554, 555, 556, 682, 939, 175, 688, 690, 183, 951, 441, 698, 443, 444, 956, 446, 191, 192, 319, 448, 323, 324, 450, 451, 452, 704, 705, 706, 962, 78, 957, 977, 979, 982, 983, 985, 986, 987, 989, 990, 121, 993, 995, 961, 997, 122, 106, 371, 373, 374, 376, 249, 250], "No. of input text not produced as thoughts": 66, "Original Thoughts": [292, 134, 262, 136, 105, 454, 267, 714, 45, 112, 49, 57], "No. of Original Thoughts": 12, "Frequencies of Original Thoughts": [[292, 1], [134, 1], [262, 1], [136, 1], [105, 1], [454, 1], [267, 1], [714, 1], [45, 1], [112, 1], [49, 1], [57, 1]], "Memories of Text Inputs": [4, 7, 1, 209, 14, 9, 5, 118, 8, 37, 148, 97, 11, 6, 21, 659, 46, 28, 963, 976, 33], "No. of memories of text Inputs": 21, "Memory Frequencies in thoughts & frequency of text sent": [[4, 23, 17], [7, 32, 20], [1, 74, 43], [209, 5, 4], [14, 10, 8], [9, 19, 18], [5, 32, 20], [118, 3, 2], [8, 15, 14], [37, 20, 19], [148, 4, 3], [97, 4, 3], [11, 10, 9], [6, 17, 15], [21, 23, 19], [659, 2, 1], [46, 5, 4], [28, 12, 11], [963, 2, 1], [976, 2, 1], [33, 4, 1]], "Original Thoughts with memories": [], "Number of Original Thoughts with memories": 0, "Frequencies of Original Thoughts with Memories": [], "Total Memories": [4, 7, 1, 209, 14, 9, 5, 118, 8, 37, 148, 97, 11, 6, 21, 659, 46, 28, 963, 976, 33], "Total Number of Memories": 21, "Short-Term Memories": [659], "Number of Short-term Memories": 1, "Intermediate-term Memories": [], "Number of Intermediate-term Memories": 0, "Long-Term Memories": [4, 7, 1, 209, 14, 9, 5, 118, 8, 37, 148, 97, 11, 6, 21, 46, 28, 963, 976, 33], "Number of Long-term Memories": 20}